Date,Traffic Source,Visitors,Sessions,Page Views,Bounce Rate (%),Conversions
01-01-2024,Direct,960,856,3286,55.81,11
02-01-2024,Direct,3544,3900,14134,21.24,2
03-01-2024,Referral,2533,2256,4625,38.25,22
04-01-2024,Organic Search,3004,2840,9472,28.37,28
05-01-2024,Paid Ads,1906,1959,7552,31.98,3
06-01-2024,Paid Ads,746,660,1118,76.93,12
07-01-2024,Social Media,2141,2038,3654,61.05,7
08-01-2024,Social Media,875,715,3022,35.53,8
09-01-2024,Email,1121,1188,3730,31.09,18
10-01-2024,Email,261,260,1112,63.64,3
11-01-2024,Organic Search,3898,4133,18117,70.67,53
12-01-2024,Social Media,4959,5472,12738,37.78,45
13-01-2024,Organic Search,2668,3164,6632,20.33,11
14-01-2024,Organic Search,491,571,2177,24.44,7
15-01-2024,Referral,3199,3939,13274,39.85,48
16-01-2024,Direct,3745,3604,13294,58.25,35
17-01-2024,Direct,2790,3293,10484,66.26,39
18-01-2024,Organic Search,306,310,488,26.47,1
19-01-2024,Direct,4291,4925,9446,56.27,15
20-01-2024,Email,1159,1473,4855,61.69,2
21-01-2024,Social Media,1697,1895,7796,68.22,12
22-01-2024,Direct,2081,2225,8727,73.77,39
23-01-2024,Paid Ads,1406,1425,5634,71.64,7
24-01-2024,Organic Search,4844,5049,18061,36.16,24
25-01-2024,Paid Ads,3545,3223,10230,44.23,62
26-01-2024,Paid Ads,4759,4394,15769,62.74,56
27-01-2024,Organic Search,2260,2911,7956,21.98,32
28-01-2024,Paid Ads,3574,4075,12603,46.87,70
29-01-2024,Organic Search,3610,4262,9431,63.69,24
30-01-2024,Direct,297,296,1168,67.9,1
31-01-2024,Direct,3497,4014,16357,39.56,36
01-02-2024,Organic Search,2086,2513,6398,25.77,33
02-02-2024,Direct,2485,3028,10679,64.11,23
03-02-2024,Social Media,3469,3222,11212,69.03,60
04-02-2024,Organic Search,3823,4125,17110,31.32,19
05-02-2024,Referral,1254,1540,4178,73.27,20
06-02-2024,Organic Search,1545,1752,5680,42.34,25
07-02-2024,Referral,3061,2694,8475,61.51,16
08-02-2024,Paid Ads,4167,4817,10653,39.52,20
09-02-2024,Direct,1318,1487,4765,25.62,19
10-02-2024,Social Media,1145,1055,4662,43.59,8
11-02-2024,Social Media,325,316,1085,60.14,1
12-02-2024,Organic Search,915,860,1352,58.73,17
13-02-2024,Paid Ads,2305,2943,12491,42.21,41
14-02-2024,Paid Ads,3520,3569,15703,77.82,63
15-02-2024,Direct,3075,3768,9234,30.17,25
16-02-2024,Direct,669,846,1447,32.54,6
17-02-2024,Direct,254,240,592,70.92,1
18-02-2024,Referral,2906,2934,6656,56.69,7
19-02-2024,Social Media,4880,4378,7498,43.81,14
20-02-2024,Paid Ads,1266,1250,2227,54.7,22
21-02-2024,Direct,3869,4144,9778,55.45,49
22-02-2024,Organic Search,3954,3875,7289,51.33,53
23-02-2024,Organic Search,104,106,426,31.66,1
24-02-2024,Direct,4464,5735,20897,22.46,63
25-02-2024,Direct,1469,1193,5234,70.16,9
26-02-2024,Referral,1764,1564,3080,35.01,25
27-02-2024,Referral,3443,3643,12646,46.14,67
28-02-2024,Organic Search,1779,1564,2909,40.51,28
29-02-2024,Organic Search,2241,2751,9933,48.45,26
01-03-2024,Email,4746,4618,13364,58.99,10
02-03-2024,Paid Ads,2949,2743,4240,76.01,32
03-03-2024,Paid Ads,1448,1653,5533,76.63,2
04-03-2024,Organic Search,995,1112,4339,60.63,3
05-03-2024,Social Media,4100,4942,19579,57.56,65
06-03-2024,Paid Ads,4013,3625,8416,32.88,46
07-03-2024,Organic Search,2646,2934,7363,59.34,29
08-03-2024,Email,1725,1673,3817,49.76,11
09-03-2024,Paid Ads,828,995,2334,30.65,9
10-03-2024,Social Media,2886,3738,10234,42.32,39
11-03-2024,Social Media,4232,3890,13768,64.39,30
12-03-2024,Paid Ads,695,843,2073,73.73,1
13-03-2024,Organic Search,4271,4174,18242,60.61,52
14-03-2024,Social Media,243,248,590,39.72,3
15-03-2024,Organic Search,3736,4467,17282,25.47,42
16-03-2024,Paid Ads,3394,2810,10428,52.75,18
17-03-2024,Paid Ads,1053,1167,2104,25.05,13
18-03-2024,Organic Search,3093,3853,7474,50.8,38
19-03-2024,Paid Ads,1488,1466,5773,76.83,25
20-03-2024,Social Media,1927,1904,3332,66.63,27
21-03-2024,Organic Search,3702,3167,9430,20.68,58
22-03-2024,Referral,555,476,1641,64.76,9
23-03-2024,Direct,3540,2978,9187,46.18,58
24-03-2024,Organic Search,1952,1876,3058,75.48,37
25-03-2024,Organic Search,3612,3834,12990,61.74,31
26-03-2024,Paid Ads,3737,4081,17154,22.73,12
27-03-2024,Paid Ads,2931,3649,10461,57.21,8
28-03-2024,Organic Search,4285,4259,9319,35.96,41
29-03-2024,Organic Search,2608,2979,5921,74.66,6
30-03-2024,Paid Ads,355,387,1647,24.96,6
31-03-2024,Paid Ads,1115,1101,4328,79.24,17
01-04-2024,Direct,4258,4243,16918,54.14,33
02-04-2024,Direct,610,571,953,71.88,1
03-04-2024,Social Media,1768,2295,7266,66.14,10
04-04-2024,Email,2148,2743,9102,33.72,40
05-04-2024,Social Media,3519,3287,5149,49.89,54
06-04-2024,Email,4062,3874,15299,78.08,57
07-04-2024,Social Media,2914,2373,8935,57.22,2
08-04-2024,Email,2250,1953,3014,41.04,34
09-04-2024,Social Media,1458,1485,6255,40.9,6
10-04-2024,Direct,1458,1455,4897,71.74,5
11-04-2024,Email,237,299,889,35.49,1
12-04-2024,Paid Ads,4400,3980,12891,40.49,23
13-04-2024,Organic Search,3545,4072,8307,61.79,25
14-04-2024,Paid Ads,3366,3559,15728,56.12,51
15-04-2024,Organic Search,4799,4673,7455,52.92,5
16-04-2024,Direct,2493,3109,5864,39.81,27
17-04-2024,Organic Search,2396,2493,8883,50.7,43
18-04-2024,Paid Ads,3744,3000,12314,25.07,52
19-04-2024,Organic Search,738,931,2055,65.6,8
20-04-2024,Referral,4721,4125,7834,61.23,23
21-04-2024,Social Media,1631,1392,3956,51.96,15
22-04-2024,Organic Search,4680,4170,13310,70.44,86
23-04-2024,Direct,4732,5892,19330,60.75,67
24-04-2024,Social Media,1269,1070,3329,55.21,8
25-04-2024,Social Media,2572,2491,10459,56.45,45
26-04-2024,Direct,3548,3259,5883,29.17,4
27-04-2024,Paid Ads,3617,3409,6886,73.81,3
28-04-2024,Social Media,1163,1335,5996,73.8,20
29-04-2024,Paid Ads,103,82,362,49.44,1
30-04-2024,Referral,4389,4733,15215,36.8,44
01-05-2024,Organic Search,1241,1433,3007,64.17,12
02-05-2024,Organic Search,4849,4578,14849,29.26,77
03-05-2024,Social Media,3844,3784,10832,52.92,10
04-05-2024,Paid Ads,2160,2467,4350,28.33,9
05-05-2024,Email,2094,2170,7200,67.66,31
06-05-2024,Paid Ads,4127,5292,9911,63.85,9
07-05-2024,Organic Search,1670,2109,7729,22.89,29
08-05-2024,Organic Search,972,1142,4452,69.51,5
09-05-2024,Email,177,187,481,72.63,1
10-05-2024,Referral,1963,2001,5264,47.76,38
11-05-2024,Social Media,4770,5014,11013,73.97,66
12-05-2024,Social Media,3787,3463,10834,45.89,67
13-05-2024,Social Media,2135,2499,8045,79.86,33
14-05-2024,Referral,1050,915,1933,62.84,5
15-05-2024,Paid Ads,3012,2564,7972,42.73,45
16-05-2024,Organic Search,3328,3560,10534,44.54,45
17-05-2024,Referral,194,213,680,62.97,1
18-05-2024,Direct,4206,5381,13600,33.64,23
19-05-2024,Direct,2449,2712,11486,28.35,18
20-05-2024,Social Media,1739,2149,9232,53.91,4
21-05-2024,Email,3976,4586,8977,54.58,9
22-05-2024,Direct,3633,4603,19685,47.05,46
23-05-2024,Organic Search,3517,4288,8035,75.25,63
24-05-2024,Direct,2808,2778,10369,32.33,53
25-05-2024,Social Media,674,678,2773,75.38,7
26-05-2024,Direct,517,651,2123,21.97,3
27-05-2024,Organic Search,4220,4427,12204,74.89,49
28-05-2024,Email,4857,4420,9450,50.91,81
29-05-2024,Paid Ads,788,849,3465,52.1,8
30-05-2024,Social Media,1892,1806,4861,45.61,19
31-05-2024,Direct,2817,2522,4059,48.32,40
01-06-2024,Social Media,868,1030,2945,51.46,12
02-06-2024,Direct,3393,3663,7200,30.92,29
03-06-2024,Organic Search,4995,4676,19603,51.59,97
04-06-2024,Organic Search,1923,2226,7739,21.63,3
05-06-2024,Organic Search,2590,2726,8955,40.36,37
06-06-2024,Organic Search,3775,3469,6238,34.59,32
07-06-2024,Paid Ads,2638,3380,14646,28.46,14
08-06-2024,Organic Search,1043,879,2988,64.15,19
09-06-2024,Organic Search,1014,1106,3057,73.56,15
10-06-2024,Social Media,3694,3434,9062,55.42,12
11-06-2024,Email,904,908,2865,46.17,12
12-06-2024,Organic Search,3677,4345,8343,72.11,59
13-06-2024,Paid Ads,4323,3852,11380,50.75,9
14-06-2024,Social Media,336,336,723,58.7,4
15-06-2024,Organic Search,2176,1927,4464,21.1,18
16-06-2024,Social Media,2189,2382,5531,53.25,25
17-06-2024,Direct,4783,4320,6622,28.21,57
18-06-2024,Organic Search,4926,5412,17867,59.9,71
19-06-2024,Social Media,3572,3605,9551,51.14,64
20-06-2024,Direct,1486,1325,2346,66.26,21
21-06-2024,Email,2158,2110,7716,37.83,35
22-06-2024,Paid Ads,4250,4810,20733,63.95,33
23-06-2024,Organic Search,850,791,2598,23.09,14
24-06-2024,Paid Ads,581,645,1885,40.66,8
25-06-2024,Referral,1340,1544,5087,47.58,3
26-06-2024,Email,1352,1083,4768,20.32,12
27-06-2024,Direct,3215,3869,16970,67.4,57
28-06-2024,Direct,4207,4505,18555,63.93,21
29-06-2024,Email,2521,2820,12525,74.2,12
30-06-2024,Organic Search,4093,3379,11859,22.65,16
01-07-2024,Paid Ads,4090,4408,12869,38.77,79
02-07-2024,Referral,4332,3882,7165,45.31,82
03-07-2024,Referral,2519,3078,7563,69.73,17
04-07-2024,Referral,3323,3040,5659,24.62,37
05-07-2024,Social Media,4378,4387,14114,68.24,4
06-07-2024,Email,1020,1192,3648,45.61,12
07-07-2024,Organic Search,410,422,1886,20.01,5
08-07-2024,Social Media,3910,3264,4988,23.16,62
09-07-2024,Direct,4892,5334,12348,43.9,30
10-07-2024,Direct,3530,3746,13848,20.2,45
11-07-2024,Direct,2133,2022,4450,22.53,1
12-07-2024,Paid Ads,2732,2335,6245,27.47,37
13-07-2024,Email,1038,1135,5047,73.05,11
14-07-2024,Paid Ads,4967,4548,19684,58.98,74
15-07-2024,Organic Search,924,841,1731,66.78,6
16-07-2024,Email,153,196,813,75.67,2
17-07-2024,Social Media,2014,2010,7587,61.76,24
18-07-2024,Paid Ads,4169,4633,17344,22.09,68
19-07-2024,Social Media,3781,3889,10397,36.38,29
20-07-2024,Paid Ads,1455,1189,2957,75.9,11
21-07-2024,Organic Search,1083,1003,1519,61.74,16
22-07-2024,Direct,4649,5955,10888,73.67,77
23-07-2024,Paid Ads,3211,3986,12150,74.39,3
24-07-2024,Direct,4030,4965,18379,51.28,40
25-07-2024,Organic Search,1804,1744,3864,75.81,27
26-07-2024,Email,656,810,1286,69.55,10
27-07-2024,Email,3608,4227,8379,69.08,12
28-07-2024,Organic Search,3217,3098,9850,26.95,34
29-07-2024,Social Media,4870,4208,9888,21.11,96
30-07-2024,Email,1535,1713,7359,26.15,4
31-07-2024,Organic Search,4679,3901,9373,62.49,22
01-08-2024,Referral,985,958,3221,22.74,18
02-08-2024,Paid Ads,786,1009,3782,27.81,13
03-08-2024,Direct,128,103,254,49.32,1
04-08-2024,Email,4765,3814,7539,48.11,4
05-08-2024,Direct,138,146,580,37.9,1
06-08-2024,Email,3255,3669,8511,77.05,44
07-08-2024,Organic Search,1088,1383,3815,58.31,6
08-08-2024,Email,4765,5942,13012,32.79,64
09-08-2024,Paid Ads,891,876,3585,48.39,8
10-08-2024,Organic Search,1084,1337,5120,66.26,14
11-08-2024,Social Media,4544,3933,6283,75.25,3
12-08-2024,Organic Search,626,651,1205,27.51,4
13-08-2024,Direct,1116,982,3392,39.56,2
14-08-2024,Email,494,638,1243,47.88,6
15-08-2024,Direct,1489,1916,7023,59.42,25
16-08-2024,Paid Ads,4297,5388,19789,64.95,41
17-08-2024,Organic Search,3036,3295,5124,48.94,28
18-08-2024,Referral,813,965,4172,24.34,1
19-08-2024,Organic Search,4144,3486,13851,41.47,66
20-08-2024,Paid Ads,189,216,842,32.01,1
21-08-2024,Referral,1995,2230,8071,21.9,6
22-08-2024,Social Media,2370,2537,9202,72.26,28
23-08-2024,Email,4306,5199,9048,73.69,4
24-08-2024,Social Media,121,124,425,51.58,1
25-08-2024,Referral,2234,2513,7382,56.94,19
26-08-2024,Paid Ads,3527,4134,17013,46.02,32
27-08-2024,Direct,3765,3051,10555,39.94,56
28-08-2024,Paid Ads,3071,2763,9782,24.33,15
29-08-2024,Organic Search,3988,4921,18116,64.56,20
30-08-2024,Social Media,2879,2837,12661,22.41,49
31-08-2024,Social Media,1373,1596,4724,72.41,2
01-09-2024,Email,4490,4213,13806,74.74,12
02-09-2024,Direct,629,701,2593,27.89,8
03-09-2024,Direct,4673,4158,9200,78.28,37
04-09-2024,Paid Ads,3152,3210,5752,44.3,14
05-09-2024,Social Media,3255,3569,7104,43.46,57
06-09-2024,Direct,1352,1087,3549,55.92,4
07-09-2024,Paid Ads,3474,3186,13225,46.52,10
08-09-2024,Referral,3532,3586,8054,57.03,1
09-09-2024,Organic Search,1407,1151,4269,59.83,5
10-09-2024,Email,1755,2110,6870,72.1,20
11-09-2024,Organic Search,1068,1138,4904,22.36,3
12-09-2024,Direct,3928,3316,6001,55.08,12
13-09-2024,Organic Search,2840,2953,10506,21.04,25
14-09-2024,Social Media,1308,1425,3224,51.3,23
15-09-2024,Referral,4023,3471,6588,28.61,50
16-09-2024,Organic Search,4570,4027,8315,63.85,29
17-09-2024,Direct,4712,6039,13683,59.7,90
18-09-2024,Direct,3585,3759,12605,72.13,46
19-09-2024,Paid Ads,3172,2879,10009,43.63,5
20-09-2024,Social Media,3391,2982,9884,39.09,33
21-09-2024,Direct,4883,5743,10173,37.32,75
22-09-2024,Paid Ads,3273,3153,11044,68.47,18
23-09-2024,Paid Ads,950,1172,3078,37.81,7
24-09-2024,Organic Search,3826,4266,14203,53.81,19
25-09-2024,Direct,1540,1414,3704,33.64,26
26-09-2024,Social Media,3115,3532,11862,47.81,3
27-09-2024,Social Media,2963,3625,15379,68.83,25
28-09-2024,Direct,4499,4904,15206,56.47,48
29-09-2024,Social Media,2645,3062,9381,69.34,43
30-09-2024,Organic Search,1938,1619,7065,59.28,15
01-10-2024,Organic Search,240,234,422,49.15,1
02-10-2024,Organic Search,3710,4692,14530,54.86,36
03-10-2024,Referral,4197,3929,10768,27.31,75
04-10-2024,Organic Search,3279,2920,8980,62.54,56
05-10-2024,Email,544,504,2211,49.01,7
06-10-2024,Email,1808,2018,8786,56.1,21
07-10-2024,Paid Ads,4076,4878,16779,30.49,42
08-10-2024,Paid Ads,4915,5299,12012,38.12,24
09-10-2024,Email,3373,4063,15439,28.98,55
10-10-2024,Social Media,1684,1967,8041,33,17
11-10-2024,Organic Search,2952,3309,10990,52.8,10
12-10-2024,Organic Search,1200,1316,3935,79.27,3
13-10-2024,Social Media,3829,3837,10684,63.06,75
14-10-2024,Paid Ads,4895,5919,19589,40.23,32
15-10-2024,Organic Search,4231,3566,14915,31.51,8
16-10-2024,Direct,2572,2851,8060,69.91,5
17-10-2024,Organic Search,4355,4659,19289,59.05,44
18-10-2024,Direct,441,500,2241,59.71,1
19-10-2024,Paid Ads,1594,1645,2764,53.74,4
20-10-2024,Paid Ads,2434,2865,5762,44.57,30
21-10-2024,Direct,3059,2449,5883,78.87,3
22-10-2024,Paid Ads,336,288,1273,21.2,4
23-10-2024,Paid Ads,463,426,1497,25.58,6
24-10-2024,Organic Search,1866,2299,7645,50.41,34
25-10-2024,Organic Search,4676,4272,10786,42.85,2
26-10-2024,Paid Ads,2596,2473,6654,46.83,4
27-10-2024,Paid Ads,361,454,1357,79.53,5
28-10-2024,Direct,4207,5323,9842,69.05,35
29-10-2024,Referral,4173,5149,20172,67.4,52
30-10-2024,Email,4594,4600,9294,61.7,82
31-10-2024,Paid Ads,4461,5403,10252,71.72,36
01-11-2024,Social Media,1233,1540,6141,39.05,3
02-11-2024,Direct,1148,1300,2424,48.69,4
03-11-2024,Organic Search,4323,4393,10698,50.37,18
04-11-2024,Organic Search,2594,2906,6242,57.18,23
05-11-2024,Organic Search,2053,2114,3539,79.69,31
06-11-2024,Referral,556,564,1134,24.48,3
07-11-2024,Organic Search,499,414,1253,79.8,1
08-11-2024,Organic Search,1503,1432,4828,51.62,7
09-11-2024,Referral,1608,1999,5695,31.68,7
10-11-2024,Social Media,3129,3797,14052,66.16,55
11-11-2024,Direct,2393,2860,9284,60.86,39
12-11-2024,Social Media,3184,2566,5705,78.55,18
13-11-2024,Organic Search,771,804,1470,52.88,5
14-11-2024,Email,4378,3829,7204,71.88,82
15-11-2024,Direct,3904,3893,11205,67.1,13
16-11-2024,Organic Search,116,131,567,68.53,1
17-11-2024,Organic Search,1220,1488,2403,74.11,21
18-11-2024,Email,4954,5596,23421,58.2,79
19-11-2024,Paid Ads,4026,4264,8316,64.25,65
20-11-2024,Direct,1131,928,1628,62.98,13
21-11-2024,Email,2811,2298,6953,43.26,31
22-11-2024,Organic Search,1774,2280,9865,67.03,5
23-11-2024,Social Media,2137,2526,5797,21.26,32
24-11-2024,Social Media,1346,1603,3500,78.56,15
25-11-2024,Organic Search,3732,3462,7900,24.16,62
26-11-2024,Paid Ads,2296,1980,5787,26.84,13
27-11-2024,Social Media,4083,4923,17080,27.69,15
28-11-2024,Organic Search,2330,1974,5187,53.01,25
29-11-2024,Organic Search,4183,3849,7176,31.85,46
30-11-2024,Organic Search,4088,3854,15214,71.68,12
01-12-2024,Paid Ads,2296,2703,7789,70.52,40
02-12-2024,Social Media,4858,5480,11136,52.7,89
03-12-2024,Paid Ads,3968,4618,8422,61.12,52
04-12-2024,Email,3778,3944,7698,40.54,22
05-12-2024,Social Media,1824,2137,7128,26.36,23
06-12-2024,Referral,1404,1657,3281,47.69,16
07-12-2024,Email,1384,1717,4006,31.64,10
08-12-2024,Referral,2620,2823,10442,56.96,27
09-12-2024,Referral,2259,2692,8513,20.31,26
10-12-2024,Email,3183,3733,7867,77.48,57
11-12-2024,Referral,4083,3570,8628,72.6,58
12-12-2024,Direct,1504,1687,6480,33.03,26
13-12-2024,Direct,2123,1887,2995,30.01,20
14-12-2024,Direct,2730,2840,9732,23.89,16
15-12-2024,Organic Search,3047,2518,7452,55.96,19
16-12-2024,Organic Search,4255,4089,13941,28.94,24
17-12-2024,Direct,641,827,1761,69.51,3
18-12-2024,Direct,4935,4249,15748,34.15,63
19-12-2024,Organic Search,2910,3493,13272,64.02,54
20-12-2024,Social Media,2548,2850,8517,30.7,15
21-12-2024,Direct,2225,2611,9712,77.02,5
22-12-2024,Organic Search,237,229,361,21.45,2
23-12-2024,Social Media,2857,3025,7248,76.44,42
24-12-2024,Paid Ads,4776,5831,12001,68.16,74
25-12-2024,Paid Ads,2503,2169,3777,63.68,35
26-12-2024,Direct,3484,2799,4679,33.51,60
27-12-2024,Direct,1719,1939,8473,24.14,30
28-12-2024,Organic Search,262,245,946,78.49,4
29-12-2024,Email,1741,2128,4903,29.38,20
30-12-2024,Social Media,974,847,2623,44.67,7
01-01-2024,Organic Search,1522,1234,4308,77.8,15
02-01-2024,Paid Ads,1549,1880,7262,57.47,5
03-01-2024,Paid Ads,3752,4228,8854,53.92,19
04-01-2024,Direct,4579,5877,12042,21.32,68
05-01-2024,Direct,697,753,2311,26.89,2
06-01-2024,Direct,2190,1826,6616,52.61,6
07-01-2024,Organic Search,2757,2873,5738,76.74,48
08-01-2024,Organic Search,197,242,697,64.96,2
09-01-2024,Organic Search,4766,4907,8125,67.18,64
10-01-2024,Direct,2424,2138,5324,65.41,22
11-01-2024,Organic Search,2891,3581,14820,72.23,27
12-01-2024,Paid Ads,2205,2591,8223,53.15,3
13-01-2024,Paid Ads,1677,1759,3195,59.41,25
14-01-2024,Direct,4502,4041,8325,25.64,41
15-01-2024,Social Media,4754,4268,17886,51.21,60
16-01-2024,Referral,3439,3036,10141,41.79,27
17-01-2024,Organic Search,4235,4461,14696,22,8
18-01-2024,Paid Ads,787,689,1943,56.92,6
19-01-2024,Paid Ads,2796,3360,10132,78.03,45
20-01-2024,Paid Ads,3704,4306,10631,79.82,59
21-01-2024,Organic Search,1660,1405,2231,69.38,26
22-01-2024,Organic Search,326,291,1185,69.14,2
23-01-2024,Organic Search,3090,3478,8493,35.26,22
24-01-2024,Email,4671,4963,11082,26.78,90
25-01-2024,Organic Search,1080,1090,4595,64.38,18
26-01-2024,Referral,2426,2693,6886,70.49,11
27-01-2024,Email,1030,840,3123,26.38,3
28-01-2024,Referral,255,290,580,59.32,1
29-01-2024,Email,954,799,2014,71.98,15
30-01-2024,Direct,4728,3860,9309,59.19,14
31-01-2024,Paid Ads,4746,5712,9580,73.93,6
01-02-2024,Referral,2554,2259,6029,42.77,14
02-02-2024,Paid Ads,939,811,2220,68.14,17
03-02-2024,Organic Search,4465,5621,13153,71.5,83
04-02-2024,Paid Ads,3046,3585,14034,21.08,7
05-02-2024,Social Media,2910,3242,10043,58.11,52
06-02-2024,Organic Search,1033,888,1514,35.8,9
07-02-2024,Organic Search,3547,3340,13271,24.45,59
08-02-2024,Referral,140,115,483,71.14,1
09-02-2024,Referral,4108,5317,17963,51.88,62
10-02-2024,Email,1793,1819,4189,67.35,21
11-02-2024,Social Media,1448,1341,2897,49.3,21
12-02-2024,Organic Search,3616,2951,12115,23.88,65
13-02-2024,Organic Search,442,448,1097,46.08,7
14-02-2024,Organic Search,4854,6049,17119,56.43,51
15-02-2024,Direct,4700,5411,11970,50.74,28
16-02-2024,Organic Search,678,763,3320,56.04,7
17-02-2024,Paid Ads,1210,1214,5067,20.18,12
18-02-2024,Social Media,4478,3895,9077,78.29,40
19-02-2024,Direct,1555,1462,3100,50.99,6
20-02-2024,Paid Ads,1313,1597,6438,37.09,7
21-02-2024,Email,2068,1880,5057,22.66,9
22-02-2024,Email,4748,5740,17764,72.79,55
23-02-2024,Paid Ads,4592,5224,8538,47.04,46
24-02-2024,Organic Search,3339,3375,9224,74.46,12
25-02-2024,Referral,3472,4024,17553,63.28,25
26-02-2024,Social Media,3841,3567,5987,56.23,18
27-02-2024,Organic Search,1089,1306,4555,25.54,15
28-02-2024,Direct,3908,3916,9646,64.99,2
29-02-2024,Referral,4300,4829,20108,55.92,14
01-03-2024,Social Media,3289,2821,5537,30.31,6
02-03-2024,Organic Search,3685,3924,15645,79.48,2
03-03-2024,Organic Search,4193,4470,12724,25.06,79
04-03-2024,Organic Search,1336,1608,3454,48,24
05-03-2024,Referral,1919,1906,7729,44.23,9
06-03-2024,Direct,3805,4167,9079,43.05,67
07-03-2024,Paid Ads,3234,2747,11452,20.74,59
08-03-2024,Social Media,1735,1728,5317,50.7,28
09-03-2024,Direct,3367,2768,10478,76.8,19
10-03-2024,Organic Search,1013,1132,2854,24.3,11
11-03-2024,Direct,1929,2360,7300,70.5,12
12-03-2024,Social Media,1154,1320,2536,49.14,3
13-03-2024,Paid Ads,1278,1155,4939,44.85,19
14-03-2024,Organic Search,1010,1054,1992,70.13,5
15-03-2024,Paid Ads,3258,3329,14929,52.72,29
16-03-2024,Organic Search,2036,2021,5095,52.48,37
17-03-2024,Direct,2032,2175,8233,70.02,3
18-03-2024,Direct,1539,1776,3607,50.45,12
19-03-2024,Organic Search,238,256,650,54.83,1
20-03-2024,Direct,1234,1491,3163,66.94,3
21-03-2024,Paid Ads,2251,2167,8402,47.69,39
22-03-2024,Direct,1407,1725,6266,74.42,27
23-03-2024,Paid Ads,366,357,1026,22.28,6
24-03-2024,Email,575,476,1686,48.01,10
25-03-2024,Paid Ads,982,1012,4496,49,6
26-03-2024,Social Media,1710,1541,5833,43.19,11
27-03-2024,Paid Ads,3925,4564,19092,47.36,51
28-03-2024,Social Media,3922,4262,18617,32.03,73
29-03-2024,Organic Search,2484,3039,12700,23.75,38
30-03-2024,Organic Search,1042,1160,4963,21.15,11
31-03-2024,Paid Ads,3053,2647,6348,41.52,2
01-04-2024,Direct,795,846,3282,79.43,2
02-04-2024,Referral,4308,3639,5483,22.65,36
03-04-2024,Email,3058,2664,10017,66.14,9
04-04-2024,Email,3847,4424,8021,43.95,34
05-04-2024,Organic Search,513,416,1006,52.95,2
06-04-2024,Organic Search,2230,2366,5675,24.61,34
07-04-2024,Email,4645,5365,18780,32.67,34
08-04-2024,Organic Search,3051,2887,5649,35.97,54
09-04-2024,Direct,1688,2061,6485,33.16,13
10-04-2024,Social Media,3958,4448,8312,73.32,23
11-04-2024,Paid Ads,1689,1411,5006,34.52,28
12-04-2024,Organic Search,152,182,574,51.21,1
13-04-2024,Paid Ads,1135,1189,2797,28.03,2
14-04-2024,Referral,1364,1439,2360,36.57,6
15-04-2024,Paid Ads,917,947,2387,76.43,11
16-04-2024,Email,4332,5290,12907,67.34,15
17-04-2024,Paid Ads,1206,1513,3982,77.84,5
18-04-2024,Organic Search,570,596,1587,57.96,8
19-04-2024,Referral,4218,3910,16134,30.97,24
20-04-2024,Email,3623,4171,9986,26.32,12
21-04-2024,Paid Ads,1224,1284,3409,71.95,3
22-04-2024,Direct,326,321,531,66.05,2
23-04-2024,Social Media,2178,2526,6601,72.19,22
24-04-2024,Organic Search,2768,3257,5236,43.68,8
25-04-2024,Referral,1039,1036,3770,31.95,4
26-04-2024,Organic Search,334,328,549,26.69,2
27-04-2024,Social Media,2200,2516,5599,74.66,2
28-04-2024,Organic Search,4593,4624,13773,44.26,17
29-04-2024,Paid Ads,4736,4887,21456,51.14,65
30-04-2024,Direct,3327,3106,6707,27.89,27
01-05-2024,Social Media,2322,2794,5198,35.93,32
02-05-2024,Direct,4860,5766,17608,40.89,12
03-05-2024,Organic Search,4679,5026,20796,60.53,32
04-05-2024,Paid Ads,4420,4875,11570,32.43,59
05-05-2024,Direct,294,339,1461,56.2,1
06-05-2024,Referral,1341,1463,6540,34.35,24
07-05-2024,Paid Ads,4629,5195,16540,66.62,17
08-05-2024,Organic Search,3370,2933,9876,66.88,45
09-05-2024,Organic Search,560,675,2300,43.29,1
10-05-2024,Direct,3273,3093,9000,73.41,41
11-05-2024,Referral,2941,2569,3913,57.86,11
12-05-2024,Organic Search,1796,2297,7095,34.51,21
13-05-2024,Paid Ads,3745,4507,12975,52.79,13
14-05-2024,Direct,1216,1265,5304,60.46,17
15-05-2024,Paid Ads,2480,2637,7055,59.55,41
16-05-2024,Organic Search,1990,2087,5676,77.18,12
17-05-2024,Organic Search,969,1076,4781,31.41,2
18-05-2024,Referral,344,439,1932,43.57,2
19-05-2024,Direct,3523,3364,7387,47.49,59
20-05-2024,Paid Ads,2901,3440,10308,20.73,10
21-05-2024,Email,3683,3962,15508,22.76,42
22-05-2024,Direct,2469,2610,10243,35.23,27
23-05-2024,Organic Search,4047,4578,8494,37.33,27
24-05-2024,Paid Ads,2276,1871,7078,42.3,20
25-05-2024,Organic Search,1729,2177,9476,54.63,14
26-05-2024,Social Media,4880,4516,14416,41.51,68
27-05-2024,Email,253,318,574,50.36,3
28-05-2024,Email,2013,2572,5001,60.77,29
29-05-2024,Direct,4846,5241,14583,39.58,19
30-05-2024,Organic Search,2138,2722,11371,45.17,4
31-05-2024,Email,183,191,403,55.47,1
01-06-2024,Organic Search,4307,5286,11212,24.27,68
02-06-2024,Organic Search,4166,4388,11971,68.65,40
03-06-2024,Organic Search,3707,3619,14383,50.94,49
04-06-2024,Social Media,378,478,1278,52.8,1
05-06-2024,Organic Search,3932,3266,8447,63.39,40
06-06-2024,Organic Search,3256,3099,6790,20.09,47
07-06-2024,Organic Search,3209,3741,12801,44.96,13
08-06-2024,Direct,405,505,1996,35.17,3
09-06-2024,Organic Search,4691,5868,23003,79.09,22
10-06-2024,Direct,2808,2456,6488,44.87,42
11-06-2024,Referral,4638,4334,13230,36.13,10
12-06-2024,Direct,2932,3227,7711,62.87,21
13-06-2024,Social Media,2900,3065,9276,42.16,41
14-06-2024,Direct,4299,3826,6866,68.21,23
15-06-2024,Organic Search,608,748,1737,68.42,9
16-06-2024,Direct,4457,5047,9952,27.13,49
17-06-2024,Referral,274,278,875,38.72,2
18-06-2024,Organic Search,1667,1656,6987,20.96,11
19-06-2024,Email,2635,3158,10572,70.6,4
20-06-2024,Social Media,3072,3712,11653,78.02,19
21-06-2024,Direct,1576,1826,7464,30.76,30
22-06-2024,Social Media,2863,2614,10816,68.53,31
23-06-2024,Direct,3322,3183,12570,50.09,7
24-06-2024,Direct,474,514,2055,74.37,2
25-06-2024,Organic Search,212,171,456,31.49,1
26-06-2024,Paid Ads,616,718,1948,24.1,11
27-06-2024,Direct,149,151,537,39.95,1
28-06-2024,Organic Search,2706,2680,11915,67.09,7
29-06-2024,Social Media,1649,1963,7568,56.07,20
30-06-2024,Organic Search,2861,3597,5519,47.01,10
01-07-2024,Organic Search,617,662,2937,53.33,2
02-07-2024,Referral,4620,4168,12750,24.44,3
03-07-2024,Organic Search,307,342,1076,61.39,2
04-07-2024,Social Media,3466,3071,13133,24.1,41
05-07-2024,Organic Search,4598,5112,17613,36.04,34
06-07-2024,Referral,1842,1992,5681,60.32,6
07-07-2024,Direct,4295,3971,5980,30.44,83
08-07-2024,Organic Search,4857,6166,9372,66.34,30
09-07-2024,Referral,383,426,1131,76.18,1
10-07-2024,Direct,2020,1838,6758,57.03,32
11-07-2024,Referral,275,311,931,64.57,2
12-07-2024,Organic Search,1464,1840,5155,35.52,27
13-07-2024,Referral,3062,3352,11195,58.26,42
14-07-2024,Referral,3851,4340,17165,23,52
15-07-2024,Organic Search,2884,2616,6049,34.85,40
16-07-2024,Direct,3110,2822,9288,55.69,30
17-07-2024,Paid Ads,1773,2202,5834,49.61,13
18-07-2024,Email,2534,2808,10470,64.28,46
19-07-2024,Organic Search,593,584,2489,55.07,9
20-07-2024,Direct,4127,4061,16999,59.99,56
21-07-2024,Email,2917,3252,7301,62.33,40
22-07-2024,Direct,1458,1213,4820,37.54,11
23-07-2024,Social Media,4451,4467,12992,21.7,79
24-07-2024,Organic Search,3174,3189,11051,35.61,38
25-07-2024,Organic Search,1024,855,1758,59.85,7
26-07-2024,Referral,902,1085,1653,75.47,10
27-07-2024,Social Media,376,440,761,72.36,5
28-07-2024,Direct,2691,3241,12507,57.93,49
29-07-2024,Social Media,2954,2705,6643,74.21,6
30-07-2024,Social Media,2694,2625,8045,67.67,23
31-07-2024,Email,3042,3362,6660,60.42,13
01-08-2024,Referral,4690,4899,13662,64.44,85
02-08-2024,Referral,745,890,2127,52.48,1
03-08-2024,Direct,598,550,1409,26.32,4
04-08-2024,Organic Search,3711,3545,7092,34.62,19
05-08-2024,Direct,3553,4547,15227,53.41,47
06-08-2024,Email,3652,3909,14030,62.13,65
07-08-2024,Organic Search,4336,5356,18179,51.95,77
08-08-2024,Referral,4440,3812,9574,28.57,26
09-08-2024,Social Media,1448,1712,6054,66.38,7
10-08-2024,Direct,1876,2074,8445,60.39,3
11-08-2024,Social Media,3800,3461,12611,72.89,54
12-08-2024,Referral,2779,3268,9461,72.45,41
13-08-2024,Direct,3094,2916,9024,50.63,19
14-08-2024,Paid Ads,4624,4819,7421,44.58,57
15-08-2024,Email,2582,2428,5156,22.52,6
16-08-2024,Direct,2439,2985,9363,78.9,18
17-08-2024,Direct,2704,3500,7681,76.55,42
18-08-2024,Direct,102,99,259,24.12,1
19-08-2024,Direct,2990,3373,12231,20.5,43
20-08-2024,Email,1379,1436,2176,68.27,24
21-08-2024,Social Media,2055,2431,7903,66.92,39
22-08-2024,Referral,3671,3194,11222,57.23,29
23-08-2024,Direct,3263,2928,12213,65,17
24-08-2024,Organic Search,1090,1197,4144,73.35,5
25-08-2024,Social Media,3745,3289,9609,62.98,54
26-08-2024,Direct,715,684,1521,32.89,12
27-08-2024,Referral,4590,4103,7101,61.77,12
28-08-2024,Direct,4986,5632,21901,36.32,38
29-08-2024,Social Media,4390,5573,18999,39.47,45
30-08-2024,Email,4088,4690,10112,55.72,22
31-08-2024,Organic Search,1074,1300,3749,79,20
01-09-2024,Email,303,265,570,47.84,5
02-09-2024,Paid Ads,1640,1828,7447,67.03,25
03-09-2024,Paid Ads,3675,3537,14865,79.77,18
04-09-2024,Email,2478,2989,10821,78.04,27
05-09-2024,Paid Ads,398,504,1967,60.46,3
06-09-2024,Paid Ads,4546,3728,10190,27.8,75
07-09-2024,Direct,4694,4708,7255,24.81,35
08-09-2024,Organic Search,3586,4239,14290,65.74,32
09-09-2024,Organic Search,3939,4371,13944,57.48,10
10-09-2024,Direct,167,216,814,46.54,2
11-09-2024,Organic Search,2358,2910,7674,42.29,28
12-09-2024,Social Media,1438,1487,4206,49.65,22
13-09-2024,Email,3639,4621,13918,76.95,61
14-09-2024,Referral,1198,1058,3175,61.45,9
15-09-2024,Organic Search,1017,893,3043,55.96,15
16-09-2024,Organic Search,4601,4727,16560,70.24,14
17-09-2024,Organic Search,4629,5506,18329,61.98,12
18-09-2024,Direct,4727,6052,18808,49.31,13
19-09-2024,Organic Search,904,1100,3770,24.71,11
20-09-2024,Social Media,3982,3289,5246,45.4,30
21-09-2024,Paid Ads,2487,3085,12798,59.54,7
22-09-2024,Social Media,1054,1310,2737,64.25,9
23-09-2024,Paid Ads,2359,2142,7654,56.18,8
24-09-2024,Paid Ads,984,817,2047,24.02,12
25-09-2024,Email,3235,4030,9745,53.11,34
26-09-2024,Organic Search,2511,2219,6490,23.31,24
27-09-2024,Organic Search,4759,4850,14984,79.12,40
28-09-2024,Organic Search,4431,4161,16206,39.58,8
29-09-2024,Organic Search,1183,1435,3726,41.22,13
30-09-2024,Organic Search,2248,1989,8343,66.61,38
01-10-2024,Paid Ads,4066,3804,6831,69.76,11
02-10-2024,Social Media,2243,1969,5779,66.83,24
03-10-2024,Social Media,3283,2912,12015,46.5,31
04-10-2024,Direct,2253,2119,5491,31.44,25
05-10-2024,Social Media,3542,4590,16031,31.95,63
06-10-2024,Organic Search,2996,3543,15310,20.95,21
07-10-2024,Direct,546,589,2097,59.48,9
08-10-2024,Paid Ads,3059,2949,8439,65.75,40
09-10-2024,Organic Search,948,1146,3472,64.17,14
10-10-2024,Social Media,3303,4244,18236,64.5,59
11-10-2024,Organic Search,1545,1896,3784,71.26,3
12-10-2024,Organic Search,2885,3610,11954,54.6,55
13-10-2024,Social Media,2153,2125,8273,42.04,12
14-10-2024,Social Media,448,536,1085,60.37,1
15-10-2024,Organic Search,4920,6086,13687,35.79,13
16-10-2024,Social Media,3085,3690,12479,65.02,54
17-10-2024,Organic Search,4068,3968,7068,49.17,23
18-10-2024,Organic Search,1899,2397,9246,55.4,28
19-10-2024,Email,3443,3813,14417,50.78,30
20-10-2024,Paid Ads,597,596,2373,30.24,5
21-10-2024,Email,1747,1694,5135,56.91,9
22-10-2024,Direct,3535,3714,6130,22.09,33
23-10-2024,Paid Ads,2796,3409,6756,21.5,34
24-10-2024,Organic Search,3971,3275,12031,26.7,57
25-10-2024,Organic Search,1790,1587,4188,68.09,11
26-10-2024,Social Media,1604,1473,5202,53.95,23
27-10-2024,Paid Ads,4537,3779,5885,69.61,54
28-10-2024,Organic Search,2068,1896,4806,21.81,2
29-10-2024,Referral,1974,2208,7268,59.2,38
30-10-2024,Organic Search,1673,2130,8849,64.34,26
31-10-2024,Paid Ads,3847,4930,7547,62.96,60
01-11-2024,Paid Ads,1478,1287,3139,70.97,10
02-11-2024,Direct,2756,3493,7185,42.35,4
03-11-2024,Organic Search,1022,864,1717,55.71,14
04-11-2024,Direct,1373,1101,1849,74.29,20
05-11-2024,Email,3181,2826,6733,26.89,27
06-11-2024,Organic Search,370,381,1560,34.97,2
07-11-2024,Paid Ads,4629,5775,24413,38.83,55
08-11-2024,Organic Search,1369,1225,2516,40.53,25
09-11-2024,Paid Ads,727,625,2315,51.89,6
10-11-2024,Referral,349,303,1121,57.93,1
11-11-2024,Direct,2217,2773,7020,63.98,4
12-11-2024,Social Media,4856,5878,18808,59.42,67
13-11-2024,Direct,2285,2201,3372,69.59,5
14-11-2024,Organic Search,1816,1874,3478,78.83,29
15-11-2024,Organic Search,2899,3454,12431,57.02,11
16-11-2024,Social Media,4106,3638,11655,37.78,61
17-11-2024,Organic Search,831,1073,2445,78.18,5
18-11-2024,Organic Search,4869,4017,6661,61.52,55
19-11-2024,Organic Search,1736,1921,4338,54.66,21
20-11-2024,Referral,4217,4380,11179,41.75,47
21-11-2024,Organic Search,2137,1932,3388,48,14
22-11-2024,Paid Ads,4358,3968,10487,68.5,54
23-11-2024,Email,368,378,910,75.95,6
24-11-2024,Referral,506,539,861,48.54,4
25-11-2024,Organic Search,2718,3066,13531,53.73,14
26-11-2024,Email,3050,3076,5687,56.77,43
27-11-2024,Organic Search,2566,2151,5515,53.04,32
28-11-2024,Paid Ads,2191,2645,8822,42.41,1
29-11-2024,Direct,3312,3530,10990,36.69,40
30-11-2024,Organic Search,4927,6176,12159,33.21,96
01-12-2024,Paid Ads,4966,4547,13674,63.89,73
02-12-2024,Direct,1061,1318,5671,74.99,10
03-12-2024,Direct,4166,3523,8611,22.58,39
04-12-2024,Referral,4366,5443,18909,20.48,56
05-12-2024,Email,2641,2254,8575,50.03,42
06-12-2024,Email,1547,1661,3858,74.09,6
07-12-2024,Direct,4062,4385,17476,62.77,4
08-12-2024,Direct,2996,3487,8847,60.27,6
09-12-2024,Direct,1316,1316,5066,35.96,10
10-12-2024,Organic Search,2223,2511,8949,27.22,41
11-12-2024,Organic Search,4909,5455,11826,38.43,87
12-12-2024,Direct,3071,2657,8492,46.54,10
13-12-2024,Paid Ads,1116,1278,3222,68.3,14
14-12-2024,Organic Search,2195,1934,4257,21.42,21
15-12-2024,Paid Ads,3050,2646,5806,72.1,12
16-12-2024,Organic Search,1077,888,1436,54.44,18
17-12-2024,Paid Ads,286,312,478,67.24,3
18-12-2024,Organic Search,2445,2675,7203,78.43,2
19-12-2024,Organic Search,2430,2631,9877,27.92,46
20-12-2024,Organic Search,2159,2170,4318,33.31,17
21-12-2024,Organic Search,3128,2639,4670,31.59,54
22-12-2024,Direct,4271,4030,9427,39.92,71
23-12-2024,Organic Search,3295,3886,14310,49.06,47
24-12-2024,Social Media,4656,5056,19800,65.61,29
25-12-2024,Organic Search,1287,1291,2422,30.28,22
26-12-2024,Organic Search,144,139,543,34.79,1
27-12-2024,Paid Ads,2681,2596,6323,27.33,51
28-12-2024,Direct,3506,4252,14963,69.46,5
29-12-2024,Organic Search,3848,3236,5193,79.39,42
30-12-2024,Direct,2282,1959,3932,41.11,35
01-01-2024,Social Media,2562,2420,7025,57.16,10
02-01-2024,Direct,2463,2789,8372,58.69,39
03-01-2024,Paid Ads,3278,3079,5811,25.97,7
04-01-2024,Organic Search,405,375,1092,49.53,1
05-01-2024,Referral,1231,1022,2415,25.6,11
06-01-2024,Email,111,97,404,76.64,1
07-01-2024,Email,2177,2153,4155,21.1,10
08-01-2024,Referral,944,1067,3688,35.06,16
09-01-2024,Organic Search,284,347,567,64.05,2
10-01-2024,Organic Search,3772,4769,11903,47.92,73
11-01-2024,Social Media,2652,2464,3901,57.88,1
12-01-2024,Referral,3579,3744,12730,68.33,66
13-01-2024,Organic Search,2760,3004,9588,50.02,10
14-01-2024,Social Media,1851,1796,7636,44.4,6
15-01-2024,Referral,2786,3200,13442,67.53,33
16-01-2024,Email,4343,5528,13197,20.07,16
17-01-2024,Organic Search,2808,3136,10287,20.97,6
18-01-2024,Referral,3313,2861,5375,68.81,17
19-01-2024,Email,4751,5344,9674,44.12,78
20-01-2024,Organic Search,964,777,1917,53.26,14
21-01-2024,Organic Search,4154,5016,20982,69.42,5
22-01-2024,Social Media,425,512,1357,59.98,5
23-01-2024,Direct,1370,1424,2725,24.86,7
24-01-2024,Paid Ads,1467,1470,2591,23.95,20
25-01-2024,Social Media,2340,2246,6579,39.1,2
26-01-2024,Referral,4203,4024,7644,57.94,35
27-01-2024,Referral,1744,1619,6333,45.56,19
28-01-2024,Referral,270,241,380,37.07,4
29-01-2024,Direct,4025,3687,8030,53.06,26
30-01-2024,Organic Search,1023,1213,4191,69.95,19
31-01-2024,Social Media,4162,3468,5702,37.74,11
01-02-2024,Organic Search,4622,4325,11666,55.92,42
02-02-2024,Organic Search,4523,4937,18220,41.89,11
03-02-2024,Paid Ads,3495,3127,11273,53.39,43
04-02-2024,Paid Ads,4241,4945,21126,78.51,54
05-02-2024,Direct,4455,4445,16752,47.25,11
06-02-2024,Direct,2576,2215,7206,78.16,26
07-02-2024,Email,2929,2580,8963,79.86,16
08-02-2024,Organic Search,2647,2647,4884,73,51
09-02-2024,Organic Search,606,684,1933,58.89,6
10-02-2024,Direct,3690,4148,18100,29.09,10
11-02-2024,Organic Search,4576,3915,16069,37.84,53
12-02-2024,Referral,1639,1913,4067,23.51,1
13-02-2024,Organic Search,4652,3950,7305,35.26,36
14-02-2024,Social Media,1969,1721,3469,72.73,35
15-02-2024,Organic Search,3202,3515,6122,76.37,26
16-02-2024,Direct,3815,3434,8396,67.48,12
17-02-2024,Email,792,710,2510,39.39,10
18-02-2024,Paid Ads,3920,3908,12935,68.1,19
19-02-2024,Social Media,2754,3574,5473,73.7,10
20-02-2024,Email,961,779,3464,25.17,1
21-02-2024,Social Media,3288,3353,11507,42.86,54
22-02-2024,Organic Search,1258,1574,4170,32.98,1
23-02-2024,Email,4775,4296,9852,50.21,88
24-02-2024,Social Media,3343,4237,12280,46.72,55
25-02-2024,Organic Search,4081,3600,9883,20.86,49
26-02-2024,Social Media,4624,5594,22233,67.26,53
27-02-2024,Social Media,1453,1556,4078,57.52,27
28-02-2024,Organic Search,4973,4481,11920,23.07,38
29-02-2024,Social Media,3318,4120,9524,31.65,47
01-03-2024,Social Media,4792,3895,12307,51.23,67
02-03-2024,Paid Ads,3999,3715,6837,75.05,71
03-03-2024,Organic Search,3596,4499,13833,47.07,10
04-03-2024,Paid Ads,1745,1792,5115,76.22,25
05-03-2024,Organic Search,1789,2108,7465,29.96,23
06-03-2024,Paid Ads,1550,1276,5466,25.47,28
07-03-2024,Organic Search,3615,3199,5330,39.87,32
08-03-2024,Direct,4663,5081,7960,79.31,67
09-03-2024,Paid Ads,1641,1910,4672,43.59,13
10-03-2024,Organic Search,4343,3863,15036,60.65,45
11-03-2024,Direct,1954,2326,6538,57.66,11
12-03-2024,Email,1098,1010,4164,69.84,12
13-03-2024,Direct,4900,4923,21831,30.85,19
14-03-2024,Direct,4634,4338,16027,42.33,28
15-03-2024,Email,2400,2137,9342,73.41,35
16-03-2024,Direct,4489,4495,13749,79.79,16
17-03-2024,Social Media,4614,4604,8743,29.52,86
18-03-2024,Paid Ads,1867,1612,4396,41.26,23
19-03-2024,Direct,1475,1443,4734,54.54,1
20-03-2024,Referral,1982,2150,4580,64.54,7
21-03-2024,Email,2487,2859,7123,64.68,31
22-03-2024,Organic Search,4491,4962,14710,27.99,17
23-03-2024,Referral,2085,1968,2990,49.77,38
24-03-2024,Organic Search,1198,1308,5656,30.46,3
25-03-2024,Organic Search,4341,5023,12984,27.52,35
26-03-2024,Paid Ads,4348,3527,14407,54.63,16
27-03-2024,Social Media,4918,5438,12981,35.34,42
28-03-2024,Organic Search,3077,2740,10609,43.08,25
29-03-2024,Social Media,2168,2196,7348,24.89,39
30-03-2024,Referral,1133,1199,2568,37,20
31-03-2024,Direct,578,466,1606,60.13,9
01-04-2024,Organic Search,3380,2738,5370,73.17,5
02-04-2024,Social Media,1781,2213,8737,21.14,10
03-04-2024,Organic Search,4812,5966,9829,33.86,9
04-04-2024,Organic Search,2414,2197,4205,71.55,13
05-04-2024,Referral,4187,3433,10424,60.83,60
06-04-2024,Organic Search,1931,2320,4062,43.16,26
07-04-2024,Email,4186,3665,7167,39.71,55
08-04-2024,Organic Search,3184,3228,10962,63.57,3
09-04-2024,Direct,4789,4325,10552,58.16,86
10-04-2024,Direct,1590,1688,7198,68.72,9
11-04-2024,Direct,4412,4243,16104,28.59,83
12-04-2024,Paid Ads,2452,2038,6029,26.54,8
13-04-2024,Organic Search,1677,1799,7697,72.28,10
14-04-2024,Email,4092,5139,9211,71.2,25
15-04-2024,Organic Search,2478,2614,4861,38.72,3
16-04-2024,Organic Search,787,758,2643,65.11,8
17-04-2024,Paid Ads,3283,3140,12797,27.9,1
18-04-2024,Social Media,1435,1612,5440,58.3,13
19-04-2024,Organic Search,2430,3109,6694,25.29,23
20-04-2024,Organic Search,789,789,2551,38.47,1
21-04-2024,Direct,1512,1951,8384,76.03,3
22-04-2024,Email,546,629,2683,28.52,8
23-04-2024,Organic Search,1173,1118,2770,24.25,15
24-04-2024,Paid Ads,2394,2239,5029,76.52,41
25-04-2024,Organic Search,451,492,2207,74.69,5
26-04-2024,Paid Ads,4274,4182,10589,51.23,71
27-04-2024,Paid Ads,4098,3528,9693,23.79,54
28-04-2024,Direct,3739,3982,11563,44.64,22
29-04-2024,Organic Search,2781,3161,6044,36.61,2
30-04-2024,Paid Ads,1605,1882,4582,70.74,5
01-05-2024,Paid Ads,1651,1631,5239,48.72,10
02-05-2024,Organic Search,364,391,1188,36.88,2
03-05-2024,Organic Search,1545,1802,7439,63.37,1
04-05-2024,Referral,3431,3160,5432,64.64,33
05-05-2024,Referral,1228,1442,6133,26.48,2
06-05-2024,Organic Search,3021,2831,9551,24.87,54
07-05-2024,Direct,328,374,1475,72.65,2
08-05-2024,Paid Ads,598,487,1512,22.26,7
09-05-2024,Direct,4665,5557,23114,43.92,29
10-05-2024,Referral,1969,2420,5995,77.24,6
11-05-2024,Direct,4105,5319,23159,28.22,47
12-05-2024,Organic Search,3868,3657,10064,42.61,22
13-05-2024,Paid Ads,2273,2378,5922,26.41,31
14-05-2024,Direct,2549,2418,5789,39.22,25
15-05-2024,Email,1401,1623,3815,39.58,2
16-05-2024,Paid Ads,2016,1655,6775,27.12,1
17-05-2024,Paid Ads,1651,1460,5930,20.79,16
18-05-2024,Organic Search,3783,4794,20267,69.18,23
19-05-2024,Paid Ads,3498,3679,15213,77.15,16
20-05-2024,Organic Search,2806,3228,6723,46.83,12
21-05-2024,Email,3020,3390,6669,52.82,6
22-05-2024,Email,1001,1007,1630,36.44,7
23-05-2024,Organic Search,126,122,198,30.75,1
24-05-2024,Direct,4380,5050,15205,69.75,80
25-05-2024,Paid Ads,3891,4621,11680,57.66,29
26-05-2024,Organic Search,2828,3559,14814,57.53,18
27-05-2024,Paid Ads,716,692,1689,58.14,7
28-05-2024,Social Media,3261,3581,14120,42.93,17
29-05-2024,Direct,4178,3968,13603,56.06,41
30-05-2024,Social Media,4769,5780,12208,48.14,58
31-05-2024,Organic Search,2160,2098,7451,21.52,26
01-06-2024,Direct,2221,2582,6664,25.22,41
02-06-2024,Organic Search,4561,4328,7657,74.65,2
03-06-2024,Direct,2143,1846,4472,75.56,30
04-06-2024,Organic Search,1838,1691,4787,36.94,10
05-06-2024,Social Media,2421,2819,6777,55.96,17
06-06-2024,Direct,3604,3090,4670,50.12,47
07-06-2024,Paid Ads,3376,3134,9073,33.62,19
08-06-2024,Organic Search,4924,5641,12891,57.45,96
09-06-2024,Direct,2957,3184,7634,45.85,56
10-06-2024,Direct,4762,5792,25816,67.48,7
11-06-2024,Direct,4603,5627,15109,23.08,10
12-06-2024,Organic Search,243,249,932,41.42,3
13-06-2024,Referral,2813,2537,6027,64.92,45
14-06-2024,Direct,3110,3992,14552,77.43,14
15-06-2024,Email,1263,1617,5023,57.1,2
16-06-2024,Referral,2059,1687,7476,34.54,23
17-06-2024,Direct,1399,1628,5373,63.88,2
18-06-2024,Paid Ads,177,192,484,58.91,2
19-06-2024,Direct,3527,3032,7530,68.94,51
20-06-2024,Organic Search,4675,5737,14457,72.18,48
21-06-2024,Direct,3240,2886,8054,29.93,23
22-06-2024,Email,1132,1265,2643,32.7,21
23-06-2024,Referral,988,1066,4342,60.02,3
24-06-2024,Direct,2925,3700,11406,35.53,41
25-06-2024,Email,2036,1752,4219,51.95,12
26-06-2024,Organic Search,3085,2724,7189,57.03,4
27-06-2024,Social Media,118,148,560,55.5,1
28-06-2024,Organic Search,2454,2561,4031,34.93,2
29-06-2024,Social Media,1774,1540,5673,68.79,8
30-06-2024,Email,973,990,3440,46.26,12
01-07-2024,Direct,2826,3523,9383,37.27,26
02-07-2024,Referral,1369,1685,4124,71.13,26
03-07-2024,Organic Search,341,283,700,60.37,5
04-07-2024,Social Media,4024,3785,10873,48.52,18
05-07-2024,Organic Search,855,1042,2312,31.7,14
06-07-2024,Email,3965,4096,15875,44.14,31
07-07-2024,Organic Search,4484,5479,12531,45.3,84
08-07-2024,Direct,4597,4441,10865,26.4,44
09-07-2024,Organic Search,442,523,2300,78.2,4
10-07-2024,Social Media,4720,5430,12791,57.85,19
11-07-2024,Organic Search,3481,3080,5503,45.15,8
12-07-2024,Organic Search,104,91,153,39.04,1
13-07-2024,Organic Search,2763,2982,9077,25.97,11
14-07-2024,Referral,2736,3366,12066,20.63,7
15-07-2024,Paid Ads,3259,3170,5089,64.77,9
16-07-2024,Direct,3144,3359,6972,63.15,41
17-07-2024,Organic Search,754,679,2869,65.62,3
18-07-2024,Direct,3923,3442,9014,32.54,26
19-07-2024,Paid Ads,3834,3692,10727,28.88,40
20-07-2024,Organic Search,2782,2508,9548,45.53,16
21-07-2024,Email,4552,4328,6977,50.32,69
22-07-2024,Paid Ads,3865,4292,7992,78.62,58
23-07-2024,Direct,1165,1181,3998,32.91,9
24-07-2024,Email,867,1126,1798,34.14,15
25-07-2024,Organic Search,3766,3468,7319,77.27,18
26-07-2024,Organic Search,4999,6440,16947,68.11,67
27-07-2024,Social Media,1432,1274,5533,33.13,23
28-07-2024,Organic Search,2097,2090,6948,46.67,15
29-07-2024,Organic Search,3507,2908,6978,48.46,39
30-07-2024,Referral,2515,3211,13154,54.63,39
31-07-2024,Organic Search,1018,1027,3700,44.64,7
01-08-2024,Organic Search,3732,4276,14897,22.3,31
02-08-2024,Email,2707,2735,8220,74.6,26
03-08-2024,Social Media,3538,4099,11602,76.33,30
04-08-2024,Paid Ads,3164,4108,11422,26.67,21
05-08-2024,Direct,4034,4990,10789,29.51,79
06-08-2024,Email,264,264,794,70.37,3
07-08-2024,Direct,4257,4497,16396,78.4,44
08-08-2024,Organic Search,679,670,2654,20.43,10
09-08-2024,Direct,4426,5512,15880,62.58,60
10-08-2024,Referral,1316,1526,3579,31.06,21
11-08-2024,Organic Search,1268,1505,2864,48.06,8
12-08-2024,Direct,2294,2733,4185,65.71,33
13-08-2024,Social Media,3726,3978,11659,43.35,6
14-08-2024,Paid Ads,4125,4305,18666,23.43,20
15-08-2024,Social Media,4220,5399,10411,54.79,70
16-08-2024,Paid Ads,4214,4224,18992,23.3,21
17-08-2024,Direct,651,571,1609,50.63,7
18-08-2024,Organic Search,2831,2387,5751,77.99,23
19-08-2024,Direct,472,512,2165,20.37,2
20-08-2024,Paid Ads,603,509,1010,77.64,4
21-08-2024,Email,4478,4159,11852,61.57,17
22-08-2024,Organic Search,857,916,2839,44.34,13
23-08-2024,Organic Search,4092,5019,15031,56.19,73
24-08-2024,Organic Search,1787,2050,6243,79.42,12
25-08-2024,Organic Search,4993,5922,11911,43.07,79
26-08-2024,Organic Search,3436,4091,12078,67.64,27
27-08-2024,Direct,1199,1382,2850,65.04,10
28-08-2024,Organic Search,1950,1740,3560,50.77,32
29-08-2024,Social Media,778,961,2145,47.01,14
30-08-2024,Referral,1525,1320,3019,54.87,9
31-08-2024,Organic Search,1378,1515,4773,50.84,4
01-09-2024,Email,3583,3441,10592,61.27,23
02-09-2024,Organic Search,2825,2410,9556,28.34,7
03-09-2024,Direct,4373,3513,13319,50.84,66
04-09-2024,Direct,2164,1992,7059,62.96,39
05-09-2024,Referral,809,846,3772,36.7,2
06-09-2024,Email,1201,1450,3990,38.58,3
07-09-2024,Organic Search,4269,3669,6262,49.01,17
08-09-2024,Social Media,4005,3455,8185,34.33,6
09-09-2024,Email,2093,1682,5092,28.36,38
10-09-2024,Paid Ads,1054,1063,3011,38.2,16
11-09-2024,Direct,1602,1496,4183,25.49,14
12-09-2024,Email,4862,5456,11177,33.94,81
13-09-2024,Referral,3932,4674,10177,30.56,22
14-09-2024,Direct,2586,3183,12567,79.03,5
15-09-2024,Referral,3722,3075,5575,54.14,13
16-09-2024,Paid Ads,4057,4398,10220,48.47,5
17-09-2024,Social Media,2017,2510,8051,57.9,34
18-09-2024,Direct,2690,2465,7335,38.61,41
19-09-2024,Organic Search,2679,2575,5856,47.84,7
20-09-2024,Organic Search,2473,2853,5188,66.55,2
21-09-2024,Paid Ads,1975,1692,5806,70.06,37
22-09-2024,Email,3961,4766,10749,69.42,37
23-09-2024,Direct,4674,4432,10172,45.92,44
24-09-2024,Email,2163,1843,3569,72.63,30
25-09-2024,Referral,3635,3101,10694,72.08,45
26-09-2024,Referral,4033,3453,5690,35.45,42
27-09-2024,Paid Ads,3358,3332,14424,56.62,15
28-09-2024,Direct,450,488,2096,71.49,2
29-09-2024,Direct,4967,5125,19819,56.17,11
30-09-2024,Organic Search,3140,3825,16919,78.54,27
01-10-2024,Organic Search,4533,5619,17096,52.35,28
02-10-2024,Paid Ads,4476,5263,17184,32.76,2
03-10-2024,Email,4687,5138,20424,71.5,34
04-10-2024,Direct,4384,5582,12980,43.88,85
05-10-2024,Organic Search,3155,3091,9067,41.32,61
06-10-2024,Referral,3517,4071,9381,38.94,15
07-10-2024,Referral,1380,1112,2134,62.94,13
08-10-2024,Direct,3482,3645,14973,64.21,58
09-10-2024,Social Media,4553,5552,22937,34.59,71
10-10-2024,Organic Search,299,375,1485,65.6,4
11-10-2024,Social Media,3473,3539,8943,52.79,15
12-10-2024,Referral,1517,1655,3408,31.29,22
13-10-2024,Direct,938,1026,4125,21.05,16
14-10-2024,Social Media,4568,4400,11214,55.78,88
15-10-2024,Paid Ads,1664,1942,6558,54.85,23
16-10-2024,Referral,3818,4370,10275,61.63,66
17-10-2024,Referral,3070,3933,13313,31.05,54
18-10-2024,Direct,736,707,2708,24.25,2
19-10-2024,Email,2351,2671,7990,77.02,20
20-10-2024,Social Media,3380,3434,5491,77.24,3
21-10-2024,Referral,1454,1321,4443,22.88,13
22-10-2024,Organic Search,2658,3350,14834,33.34,40
23-10-2024,Organic Search,2100,1946,8144,54.44,34
24-10-2024,Social Media,1853,1769,5030,44.33,10
25-10-2024,Organic Search,1605,1520,3896,53.88,27
26-10-2024,Direct,3887,3625,15179,26.21,2
27-10-2024,Paid Ads,2602,2371,7437,61.04,32
28-10-2024,Referral,3172,3281,5620,69.1,36
29-10-2024,Organic Search,1852,1958,5951,26.43,22
30-10-2024,Direct,1232,1107,1984,30.01,4
31-10-2024,Organic Search,1587,1789,5567,60.63,12
01-11-2024,Social Media,1408,1153,3305,73.46,19
02-11-2024,Email,200,178,270,48.02,1
03-11-2024,Paid Ads,3018,2613,10873,36.5,41
04-11-2024,Email,3765,3732,12658,45.81,12
05-11-2024,Direct,3508,2978,8480,76.43,69
06-11-2024,Paid Ads,3820,4248,12413,72.54,62
07-11-2024,Paid Ads,2609,2543,6223,67.48,15
08-11-2024,Direct,2229,2293,4096,73.89,11
09-11-2024,Referral,4257,3775,6185,54.78,58
10-11-2024,Organic Search,4307,5597,11945,35.91,78
11-11-2024,Referral,1175,1478,4446,67.71,22
12-11-2024,Paid Ads,4752,6092,12130,37.97,30
13-11-2024,Organic Search,1152,1391,3665,25.3,2
14-11-2024,Paid Ads,4625,4889,17731,74.37,35
15-11-2024,Email,1516,1226,2367,59.48,12
16-11-2024,Email,2499,2619,10551,46.75,44
17-11-2024,Social Media,3995,3543,9153,58.24,71
18-11-2024,Organic Search,985,1051,4717,48.47,6
19-11-2024,Email,2957,3568,13004,34.93,34
20-11-2024,Direct,696,774,1227,58.62,5
21-11-2024,Organic Search,3797,3693,7453,57.32,57
22-11-2024,Paid Ads,4476,5067,12820,21.15,83
23-11-2024,Organic Search,4747,5297,14862,51.51,50
24-11-2024,Organic Search,4362,5117,9909,72.68,16
25-11-2024,Email,3709,3297,8424,46.41,69
26-11-2024,Social Media,4328,4021,16490,60.16,23
27-11-2024,Organic Search,4213,3800,12845,41.52,39
28-11-2024,Social Media,1811,1888,6036,75.01,24
29-11-2024,Social Media,1195,1325,2312,33.06,6
30-11-2024,Email,4969,5184,22315,58.23,51
01-12-2024,Organic Search,4650,4067,17446,47.52,10
02-12-2024,Email,350,288,836,71.19,2
03-12-2024,Referral,4998,5291,9273,79.07,70
04-12-2024,Direct,803,877,1603,77.95,4
05-12-2024,Paid Ads,220,254,972,60.41,3
06-12-2024,Direct,432,455,716,44.41,3
07-12-2024,Social Media,4334,4950,10574,34.34,15
08-12-2024,Direct,2124,1720,7117,77.94,2
09-12-2024,Organic Search,2313,2842,7741,78.82,14
10-12-2024,Referral,1560,1733,4205,42.12,23
11-12-2024,Organic Search,1528,1867,3580,51.21,12
12-12-2024,Direct,3600,4090,14591,40.49,3
13-12-2024,Email,3419,3661,16125,28.87,11
14-12-2024,Organic Search,2875,3687,8556,43.98,51
15-12-2024,Paid Ads,130,136,309,62.08,1
16-12-2024,Organic Search,970,1066,2691,77.2,6
17-12-2024,Referral,1660,1745,6623,49.12,25
18-12-2024,Email,918,1129,2415,56.47,3
19-12-2024,Social Media,2117,2357,5325,68.22,3
20-12-2024,Social Media,2615,2748,7872,65.21,8
21-12-2024,Social Media,311,333,588,45.08,5
22-12-2024,Organic Search,1041,1310,4969,24.74,12
23-12-2024,Organic Search,2837,3153,8097,67.33,36
24-12-2024,Organic Search,4409,4232,16036,68.13,18
25-12-2024,Paid Ads,3261,2681,6347,47.08,26
26-12-2024,Referral,3834,4702,15253,24.74,21
27-12-2024,Paid Ads,2204,2161,5567,51.76,30
28-12-2024,Email,2613,2730,11030,69.92,18
29-12-2024,Social Media,2051,2145,6903,34.3,35
30-12-2024,Social Media,2693,2604,4740,34.33,21
01-01-2024,Organic Search,544,560,1355,22.11,3
02-01-2024,Social Media,1547,1301,3116,60.34,11
03-01-2024,Direct,1908,1702,5093,36.56,25
04-01-2024,Organic Search,3775,4273,9454,49.36,55
05-01-2024,Social Media,1321,1662,5401,47.76,25
06-01-2024,Organic Search,3353,2990,11848,45.73,59
07-01-2024,Paid Ads,2765,2581,7891,34.06,48
08-01-2024,Organic Search,4030,3982,17002,52.69,18
09-01-2024,Paid Ads,236,266,1188,35.9,2
10-01-2024,Social Media,2200,1881,4984,70.23,39
11-01-2024,Social Media,4794,4111,13419,60.02,37
12-01-2024,Email,1749,1569,3829,57.23,4
13-01-2024,Referral,3337,3733,14579,47.98,8
14-01-2024,Paid Ads,3400,4006,7153,21.65,9
15-01-2024,Paid Ads,1826,2074,4189,63.49,28
16-01-2024,Referral,120,140,628,59.94,1
17-01-2024,Direct,471,447,1004,42.34,4
18-01-2024,Organic Search,2091,2098,9356,23.36,18
19-01-2024,Organic Search,342,321,837,29.57,3
20-01-2024,Paid Ads,3183,2861,7027,55.61,17
21-01-2024,Direct,2369,3044,4766,68.16,46
22-01-2024,Direct,3433,3187,5665,26.06,34
23-01-2024,Paid Ads,1074,1230,2420,34.61,12
24-01-2024,Organic Search,1486,1242,4483,44.15,2
25-01-2024,Social Media,4941,4176,18138,35.51,82
26-01-2024,Direct,3903,3222,9632,27.4,72
27-01-2024,Organic Search,1092,1312,2571,41.99,15
28-01-2024,Organic Search,4933,4838,13155,68.56,92
29-01-2024,Organic Search,2200,1893,8438,66.84,25
30-01-2024,Social Media,4863,3900,11713,43.03,20
31-01-2024,Organic Search,971,1197,5005,75.19,14
01-02-2024,Organic Search,4598,5380,20286,56.4,48
02-02-2024,Organic Search,892,1034,1818,47.83,7
03-02-2024,Organic Search,1314,1306,2104,75.06,15
04-02-2024,Paid Ads,4947,4255,17252,29.4,82
05-02-2024,Email,4965,4098,16763,40.46,93
06-02-2024,Paid Ads,3429,4334,7354,52.96,55
07-02-2024,Email,1988,2429,5064,69.61,19
08-02-2024,Social Media,609,660,2708,45.93,9
09-02-2024,Organic Search,4332,3774,10070,77.1,53
10-02-2024,Paid Ads,1877,2328,5937,25,24
11-02-2024,Direct,1401,1669,4719,49.12,17
12-02-2024,Organic Search,1259,1286,3380,42.04,15
13-02-2024,Email,3332,3539,12429,36.17,9
14-02-2024,Direct,4160,4496,10986,25.06,6
15-02-2024,Social Media,3292,3226,5581,45.58,8
16-02-2024,Organic Search,468,448,1589,72.29,1
17-02-2024,Organic Search,1569,1677,5074,34.59,7
18-02-2024,Organic Search,4251,5021,21092,59.89,35
19-02-2024,Social Media,1993,2416,6651,24.39,22
20-02-2024,Direct,1860,1737,7813,30.52,7
21-02-2024,Organic Search,4762,5656,16065,46.85,73
22-02-2024,Direct,1104,1054,2242,70.91,12
23-02-2024,Organic Search,2562,2633,8547,41.41,31
24-02-2024,Social Media,1668,2026,7074,40.3,8
25-02-2024,Social Media,764,626,2331,69.66,10
26-02-2024,Paid Ads,1512,1340,4784,58.74,15
27-02-2024,Direct,521,549,2457,35.97,7
28-02-2024,Social Media,491,494,1852,61.6,2
29-02-2024,Direct,3409,3576,8899,46.44,64
01-03-2024,Paid Ads,3648,3981,17439,59.62,8
02-03-2024,Direct,3008,3821,6279,41.13,12
03-03-2024,Organic Search,4780,4567,18988,66.5,18
04-03-2024,Email,4713,6099,17661,23.49,54
05-03-2024,Organic Search,4136,5268,20021,36.1,31
06-03-2024,Paid Ads,943,790,2649,59.95,9
07-03-2024,Paid Ads,2368,2521,5814,21.26,20
08-03-2024,Organic Search,4234,3692,16608,57.34,33
09-03-2024,Organic Search,3225,3553,5858,25.68,54
10-03-2024,Direct,3729,4103,6923,63.27,38
11-03-2024,Referral,1167,1336,5543,76.89,3
12-03-2024,Email,4085,5008,12869,35.68,49
13-03-2024,Email,2106,1916,5455,67.79,41
14-03-2024,Referral,3461,4073,13709,52.4,40
15-03-2024,Social Media,2741,2685,7296,78.23,16
16-03-2024,Direct,2839,2815,7806,62.88,12
17-03-2024,Organic Search,977,897,2391,46.62,7
18-03-2024,Organic Search,2752,2478,4312,48.47,11
19-03-2024,Organic Search,134,161,614,74.91,1
20-03-2024,Paid Ads,2376,1962,7550,70.73,7
21-03-2024,Organic Search,3056,3586,7631,52.23,34
22-03-2024,Organic Search,1966,2036,8916,60.57,37
23-03-2024,Paid Ads,3087,3604,6271,41.57,37
24-03-2024,Social Media,3681,3157,7824,33.23,70
25-03-2024,Direct,458,530,1786,78.23,1
26-03-2024,Paid Ads,1727,1829,8116,61.78,1
27-03-2024,Social Media,2677,3136,11762,39.04,37
28-03-2024,Social Media,1175,1091,1721,37.11,17
29-03-2024,Organic Search,704,662,2743,55.62,13
30-03-2024,Organic Search,1977,1734,4453,61.82,13
31-03-2024,Referral,4186,4228,13471,20.35,14
01-04-2024,Organic Search,248,319,1268,23.6,1
02-04-2024,Direct,3644,4121,17463,72.43,22
03-04-2024,Direct,2288,1886,3910,67.43,14
04-04-2024,Direct,4946,5480,16158,43.42,63
05-04-2024,Organic Search,4672,5844,16591,53.04,87
06-04-2024,Direct,4398,4662,13632,35.5,70
07-04-2024,Paid Ads,2702,2425,4268,56.33,37
08-04-2024,Organic Search,2537,2702,9425,55.41,15
09-04-2024,Social Media,2198,2094,6435,59.11,35
10-04-2024,Social Media,401,355,1392,61.57,2
11-04-2024,Referral,1687,1812,7772,76.87,24
12-04-2024,Direct,2275,2513,5698,44.42,2
13-04-2024,Email,1894,2085,7490,25.43,11
14-04-2024,Direct,4823,5605,11594,73.53,71
